,author,created_utc,title,url,created,d_,created_utc_dt
0,rakka_rockstar,1611874153,My Review on Robinhood in the app store!,https://www.reddit.com/r/wallstreetbets/comments/l7bg66/my_review_on_robinhood_in_the_app_store/,1611874153.0,"{'author': 'rakka_rockstar', 'created_utc': 1611874153, 'title': 'My Review on Robinhood in the app store!', 'url': 'https://www.reddit.com/r/wallstreetbets/comments/l7bg66/my_review_on_robinhood_in_the_app_store/', 'created': 1611874153.0}",2021-01-28 22:49:13
1,hereforaniphoneman,1611874153,Visual representation of tomorrow‚Äôs squeeze,https://gfycat.com/earnestfakefly,1611874153.0,"{'author': 'hereforaniphoneman', 'created_utc': 1611874153, 'title': 'Visual representation of tomorrow‚Äôs squeeze', 'url': 'https://gfycat.com/earnestfakefly', 'created': 1611874153.0}",2021-01-28 22:49:13
2,monkeymanjojo,1611874153,Robinhood ‚ÄúScheduled Maintenance‚Äù on DOGE,https://i.redd.it/2ocb6biwj5e61.jpg,1611874153.0,"{'author': 'monkeymanjojo', 'created_utc': 1611874153, 'title': 'Robinhood ‚ÄúScheduled Maintenance‚Äù on DOGE', 'url': 'https://i.redd.it/2ocb6biwj5e61.jpg', 'created': 1611874153.0}",2021-01-28 22:49:13
3,oliru,1611874153,read that! The squeeze has not been squoze!,https://i.redd.it/zpazy6nrj5e61.png,1611874153.0,"{'author': 'oliru', 'created_utc': 1611874153, 'title': 'read that! The squeeze has not been squoze!', 'url': 'https://i.redd.it/zpazy6nrj5e61.png', 'created': 1611874153.0}",2021-01-28 22:49:13
4,Free_Gur5572,1611874152,BUY GME!!!!!! !!!,https://www.reddit.com/r/wallstreetbets/comments/l7bg5f/buy_gme/,1611874152.0,"{'author': 'Free_Gur5572', 'created_utc': 1611874152, 'title': 'BUY GME!!!!!! !!!', 'url': 'https://www.reddit.com/r/wallstreetbets/comments/l7bg5f/buy_gme/', 'created': 1611874152.0}",2021-01-28 22:49:12
5,OotOotRecruit,1611874152,To The Fucking Moon,https://www.reddit.com/r/wallstreetbets/comments/l7bg5c/to_the_fucking_moon/,1611874152.0,"{'author': 'OotOotRecruit', 'created_utc': 1611874152, 'title': 'To The Fucking Moon', 'url': 'https://www.reddit.com/r/wallstreetbets/comments/l7bg5c/to_the_fucking_moon/', 'created': 1611874152.0}",2021-01-28 22:49:12
6,Tyrro09,1611874152,An email that RH sent out.,https://i.redd.it/5xrlrhivj5e61.jpg,1611874152.0,"{'author': 'Tyrro09', 'created_utc': 1611874152, 'title': 'An email that RH sent out.', 'url': 'https://i.redd.it/5xrlrhivj5e61.jpg', 'created': 1611874152.0}",2021-01-28 22:49:12
7,Pale-Camel-2854,1611874152,GME: Why this time it's different,https://www.reddit.com/r/wallstreetbets/comments/l7bg53/gme_why_this_time_its_different/,1611874152.0,"{'author': 'Pale-Camel-2854', 'created_utc': 1611874152, 'title': ""GME: Why this time it's different"", 'url': 'https://www.reddit.com/r/wallstreetbets/comments/l7bg53/gme_why_this_time_its_different/', 'created': 1611874152.0}",2021-01-28 22:49:12
8,SpoopyNoNo,1611874152,üö®ROBINHOOD ALLOWING FOR ‚ÄúLIMITED TRADESüö® LIKE WE CANNOT DECIDE WHAT TO SPEND OUR MONEY ON - NO MATTER HOW MUCH. HEDGE FUND BUDDIES ARE NOW ‚ÄúRECALIBRATED‚Äù,https://i.redd.it/5k2ioyewj5e61.jpg,1611874152.0,"{'author': 'SpoopyNoNo', 'created_utc': 1611874152, 'title': 'üö®ROBINHOOD ALLOWING FOR ‚ÄúLIMITED TRADESüö® LIKE WE CANNOT DECIDE WHAT TO SPEND OUR MONEY ON - NO MATTER HOW MUCH. HEDGE FUND BUDDIES ARE NOW ‚ÄúRECALIBRATED‚Äù', 'url': 'https://i.redd.it/5k2ioyewj5e61.jpg', 'created': 1611874152.0}",2021-01-28 22:49:12
9,mayakatsky,1611874151,"Robbinghood will allow ""limited buys of these securities"" tomorrow.",https://www.reddit.com/r/wallstreetbets/comments/l7bg4e/robbinghood_will_allow_limited_buys_of_these/,1611874151.0,"{'author': 'mayakatsky', 'created_utc': 1611874151, 'title': 'Robbinghood will allow ""limited buys of these securities"" tomorrow.', 'url': 'https://www.reddit.com/r/wallstreetbets/comments/l7bg4e/robbinghood_will_allow_limited_buys_of_these/', 'created': 1611874151.0}",2021-01-28 22:49:11
10,Efficient-Belt9702,1611874149,Absolutely disgusting,https://i.redd.it/6n7pn2vvj5e61.jpg,1611874149.0,"{'author': 'Efficient-Belt9702', 'created_utc': 1611874149, 'title': 'Absolutely disgusting', 'url': 'https://i.redd.it/6n7pn2vvj5e61.jpg', 'created': 1611874149.0}",2021-01-28 22:49:09
11,BroccoliReasonable30,1611874148,Is it worth it to buy in at this point?,https://www.reddit.com/r/wallstreetbets/comments/l7bg39/is_it_worth_it_to_buy_in_at_this_point/,1611874148.0,"{'author': 'BroccoliReasonable30', 'created_utc': 1611874148, 'title': 'Is it worth it to buy in at this point?', 'url': 'https://www.reddit.com/r/wallstreetbets/comments/l7bg39/is_it_worth_it_to_buy_in_at_this_point/', 'created': 1611874148.0}",2021-01-28 22:49:08
12,EwoDarkWolf,1611874148,Foxx is saying that what Reddit is doing is illegal and that Robinhood is only doing what it is to avoid an investigation.,https://www.reddit.com/r/wallstreetbets/comments/l7bg2y/foxx_is_saying_that_what_reddit_is_doing_is/,1611874148.0,"{'author': 'EwoDarkWolf', 'created_utc': 1611874148, 'title': 'Foxx is saying that what Reddit is doing is illegal and that Robinhood is only doing what it is to avoid an investigation.', 'url': 'https://www.reddit.com/r/wallstreetbets/comments/l7bg2y/foxx_is_saying_that_what_reddit_is_doing_is/', 'created': 1611874148.0}",2021-01-28 22:49:08
13,Routine_Arugula_6974,1611874148,FUBO is 65% shorted at the moment. Huge potential for a juicy squeeze,https://www.reddit.com/r/wallstreetbets/comments/l7bg2w/fubo_is_65_shorted_at_the_moment_huge_potential/,1611874148.0,"{'author': 'Routine_Arugula_6974', 'created_utc': 1611874148, 'title': 'FUBO is 65% shorted at the moment. Huge potential for a juicy squeeze', 'url': 'https://www.reddit.com/r/wallstreetbets/comments/l7bg2w/fubo_is_65_shorted_at_the_moment_huge_potential/', 'created': 1611874148.0}",2021-01-28 22:49:08
14,ncoreman,1611874147,The WORST apology you‚Äôll ever see!! Take what you can get tomorrow but closing my account after this is done! BUY and HOLD GME!!!! üöÄüöÄüöÄüöÄüöÄ,https://www.reddit.com/gallery/l7bg2l,1611874147.0,"{'author': 'ncoreman', 'created_utc': 1611874147, 'title': 'The WORST apology you‚Äôll ever see!! Take what you can get tomorrow but closing my account after this is done! BUY and HOLD GME!!!! üöÄüöÄüöÄüöÄüöÄ', 'url': 'https://www.reddit.com/gallery/l7bg2l', 'created': 1611874147.0}",2021-01-28 22:49:07
15,dookiemoney,1611874147,I would rather lose my money than give up this fight.,https://www.reddit.com/r/wallstreetbets/comments/l7bg2j/i_would_rather_lose_my_money_than_give_up_this/,1611874147.0,"{'author': 'dookiemoney', 'created_utc': 1611874147, 'title': 'I would rather lose my money than give up this fight.', 'url': 'https://www.reddit.com/r/wallstreetbets/comments/l7bg2j/i_would_rather_lose_my_money_than_give_up_this/', 'created': 1611874147.0}",2021-01-28 22:49:07
16,Lord_fuqward39,1611874147,"Y‚Äôall gonna be doing this w any other stocks ,if so which one ?",https://www.reddit.com/r/wallstreetbets/comments/l7bg2i/yall_gonna_be_doing_this_w_any_other_stocks_if_so/,1611874147.0,"{'author': 'Lord_fuqward39', 'created_utc': 1611874147, 'title': 'Y‚Äôall gonna be doing this w any other stocks ,if so which one ?', 'url': 'https://www.reddit.com/r/wallstreetbets/comments/l7bg2i/yall_gonna_be_doing_this_w_any_other_stocks_if_so/', 'created': 1611874147.0}",2021-01-28 22:49:07
17,Markmoler,1611874146,NEW UPDATE,https://www.reddit.com/gallery/l7bg2h,1611874146.0,"{'author': 'Markmoler', 'created_utc': 1611874146, 'title': 'NEW UPDATE', 'url': 'https://www.reddit.com/gallery/l7bg2h', 'created': 1611874146.0}",2021-01-28 22:49:06
18,Relevant-Resort8278,1611874146,AMC loss :( back it up!,https://www.reddit.com/r/wallstreetbets/comments/l7bg29/amc_loss_back_it_up/,1611874146.0,"{'author': 'Relevant-Resort8278', 'created_utc': 1611874146, 'title': 'AMC loss :( back it up!', 'url': 'https://www.reddit.com/r/wallstreetbets/comments/l7bg29/amc_loss_back_it_up/', 'created': 1611874146.0}",2021-01-28 22:49:06
19,vasp2003,1611874145,Watch this,https://youtu.be/dqpWkgF23QQ,1611874145.0,"{'author': 'vasp2003', 'created_utc': 1611874145, 'title': 'Watch this', 'url': 'https://youtu.be/dqpWkgF23QQ', 'created': 1611874145.0}",2021-01-28 22:49:05
20,sv187,1611874145,Leon is big mad.,https://www-mediaite-com.cdn.ampproject.org/v/s/www.mediaite.com/news/bullsht-hedge-fund-billionaire-leon-cooperman-rages-over-gamestop-surge-rips-small-investors-for-having-no-idea-what-theyre-doing/amp/?amp_js_v=0.1&amp;usqp=mq331AQHKAFQArABIA%3D%3D&amp;jwsource=cl,1611874145.0,"{'author': 'sv187', 'created_utc': 1611874145, 'title': 'Leon is big mad.', 'url': 'https://www-mediaite-com.cdn.ampproject.org/v/s/www.mediaite.com/news/bullsht-hedge-fund-billionaire-leon-cooperman-rages-over-gamestop-surge-rips-small-investors-for-having-no-idea-what-theyre-doing/amp/?amp_js_v=0.1&amp;usqp=mq331AQHKAFQArABIA%3D%3D&amp;jwsource=cl', 'created': 1611874145.0}",2021-01-28 22:49:05
21,Kingshaun2k,1611874145,U/DeepFuckingValue right now...,https://i.redd.it/rh435g7pj5e61.jpg,1611874145.0,"{'author': 'Kingshaun2k', 'created_utc': 1611874145, 'title': 'U/DeepFuckingValue right now...', 'url': 'https://i.redd.it/rh435g7pj5e61.jpg', 'created': 1611874145.0}",2021-01-28 22:49:05
22,gmore45,1611874144,Be prepared for a coordinated attack on $GME tomorrow.,https://www.reddit.com/r/wallstreetbets/comments/l7bg1k/be_prepared_for_a_coordinated_attack_on_gme/,1611874144.0,"{'author': 'gmore45', 'created_utc': 1611874144, 'title': 'Be prepared for a coordinated attack on $GME tomorrow.', 'url': 'https://www.reddit.com/r/wallstreetbets/comments/l7bg1k/be_prepared_for_a_coordinated_attack_on_gme/', 'created': 1611874144.0}",2021-01-28 22:49:04
23,flurglnurgl,1611874144,VMW: Free float % on loan above 100%,https://www.reddit.com/r/wallstreetbets/comments/l7bg19/vmw_free_float_on_loan_above_100/,1611874144.0,"{'author': 'flurglnurgl', 'created_utc': 1611874144, 'title': 'VMW: Free float % on loan above 100%', 'url': 'https://www.reddit.com/r/wallstreetbets/comments/l7bg19/vmw_free_float_on_loan_above_100/', 'created': 1611874144.0}",2021-01-28 22:49:04
24,Break_Alive,1611874144,Looks like they are trying to scare us with a ‚ÄúTax bomb‚Äù üòÇ HELLLLL NAHHHHH HOLD IT,https://i.redd.it/7ic3nvgvj5e61.jpg,1611874144.0,"{'author': 'Break_Alive', 'created_utc': 1611874144, 'title': 'Looks like they are trying to scare us with a ‚ÄúTax bomb‚Äù üòÇ HELLLLL NAHHHHH HOLD IT', 'url': 'https://i.redd.it/7ic3nvgvj5e61.jpg', 'created': 1611874144.0}",2021-01-28 22:49:04
25,ResponsibleAd7144,1611874144,LETS GET THESE HEDGEHOGS TOMORROW MY BROTHERS!!! üöÄüöÄüöÄüöÄüöÄüöÄüöÄ üíéüíéüíéüíéüíé üíπüíπüíπüíπüíπ,https://v.redd.it/71xymqgkj5e61,1611874144.0,"{'author': 'ResponsibleAd7144', 'created_utc': 1611874144, 'title': 'LETS GET THESE HEDGEHOGS TOMORROW MY BROTHERS!!! üöÄüöÄüöÄüöÄüöÄüöÄüöÄ üíéüíéüíéüíéüíé üíπüíπüíπüíπüíπ', 'url': 'https://v.redd.it/71xymqgkj5e61', 'created': 1611874144.0}",2021-01-28 22:49:04
26,MindOverMatterGuy,1611874144,Will AMC rise again?,https://www.reddit.com/r/wallstreetbets/comments/l7bg0z/will_amc_rise_again/,1611874144.0,"{'author': 'MindOverMatterGuy', 'created_utc': 1611874144, 'title': 'Will AMC rise again?', 'url': 'https://www.reddit.com/r/wallstreetbets/comments/l7bg0z/will_amc_rise_again/', 'created': 1611874144.0}",2021-01-28 22:49:04
27,directorgambino,1611874143,So what are they saying now ????,https://i.redd.it/himqb3gvj5e61.jpg,1611874143.0,"{'author': 'directorgambino', 'created_utc': 1611874143, 'title': 'So what are they saying now ????', 'url': 'https://i.redd.it/himqb3gvj5e61.jpg', 'created': 1611874143.0}",2021-01-28 22:49:03
28,QLaHPD,1611874143,Help a newbie,https://www.reddit.com/r/wallstreetbets/comments/l7bg0a/help_a_newbie/,1611874143.0,"{'author': 'QLaHPD', 'created_utc': 1611874143, 'title': 'Help a newbie', 'url': 'https://www.reddit.com/r/wallstreetbets/comments/l7bg0a/help_a_newbie/', 'created': 1611874143.0}",2021-01-28 22:49:03
29,Imagination_beyond,1611874141,Should I Buy TLDR and GME? üòÖ,https://www.reddit.com/r/wallstreetbets/comments/l7bfzi/should_i_buy_tldr_and_gme/,1611874141.0,"{'author': 'Imagination_beyond', 'created_utc': 1611874141, 'title': 'Should I Buy TLDR and GME? üòÖ', 'url': 'https://www.reddit.com/r/wallstreetbets/comments/l7bfzi/should_i_buy_tldr_and_gme/', 'created': 1611874141.0}",2021-01-28 22:49:01
30,The_FunkyKong,1611874139,"Yes, destroy the Hedge!",https://i.redd.it/48or677sj5e61.png,1611874139.0,"{'author': 'The_FunkyKong', 'created_utc': 1611874139, 'title': 'Yes, destroy the Hedge!', 'url': 'https://i.redd.it/48or677sj5e61.png', 'created': 1611874139.0}",2021-01-28 22:48:59
31,Takechiko,1611874139,FRANKLY I AM PROUD OF US!!!,https://www.reddit.com/r/wallstreetbets/comments/l7bfyd/frankly_i_am_proud_of_us/,1611874139.0,"{'author': 'Takechiko', 'created_utc': 1611874139, 'title': 'FRANKLY I AM PROUD OF US!!!', 'url': 'https://www.reddit.com/r/wallstreetbets/comments/l7bfyd/frankly_i_am_proud_of_us/', 'created': 1611874139.0}",2021-01-28 22:48:59
32,LeeBermanEdit,1611874137,Did any of you ever stop to think???,https://www.youtube.com/watch?v=Qk5oX8Yis3Q,1611874137.0,"{'author': 'LeeBermanEdit', 'created_utc': 1611874137, 'title': 'Did any of you ever stop to think???', 'url': 'https://www.youtube.com/watch?v=Qk5oX8Yis3Q', 'created': 1611874137.0}",2021-01-28 22:48:57
33,Kivble,1611874137,Everyone else get this email? ü§°ü§°ü§°,https://i.redd.it/fkannbruj5e61.jpg,1611874137.0,"{'author': 'Kivble', 'created_utc': 1611874137, 'title': 'Everyone else get this email? ü§°ü§°ü§°', 'url': 'https://i.redd.it/fkannbruj5e61.jpg', 'created': 1611874137.0}",2021-01-28 22:48:57
34,shantiosito,1611874137,Must see,https://youtu.be/ElPtcjxe2TA,1611874137.0,"{'author': 'shantiosito', 'created_utc': 1611874137, 'title': 'Must see', 'url': 'https://youtu.be/ElPtcjxe2TA', 'created': 1611874137.0}",2021-01-28 22:48:57
35,Hessian58N,1611874137,"Create TeslaTrade - Daddy Elon, please do this.",https://www.reddit.com/r/wallstreetbets/comments/l7bfxj/create_teslatrade_daddy_elon_please_do_this/,1611874137.0,"{'author': 'Hessian58N', 'created_utc': 1611874137, 'title': 'Create TeslaTrade - Daddy Elon, please do this.', 'url': 'https://www.reddit.com/r/wallstreetbets/comments/l7bfxj/create_teslatrade_daddy_elon_please_do_this/', 'created': 1611874137.0}",2021-01-28 22:48:57
36,president_nickson,1611874136,Why is the value going up after trading is closed ?,https://i.redd.it/e1pha7ppj5e61.png,1611874136.0,"{'author': 'president_nickson', 'created_utc': 1611874136, 'title': 'Why is the value going up after trading is closed ?', 'url': 'https://i.redd.it/e1pha7ppj5e61.png', 'created': 1611874136.0}",2021-01-28 22:48:56
37,TheResuru,1611874135,Idea for sticking it to them,https://www.reddit.com/r/wallstreetbets/comments/l7bfwu/idea_for_sticking_it_to_them/,1611874135.0,"{'author': 'TheResuru', 'created_utc': 1611874135, 'title': 'Idea for sticking it to them', 'url': 'https://www.reddit.com/r/wallstreetbets/comments/l7bfwu/idea_for_sticking_it_to_them/', 'created': 1611874135.0}",2021-01-28 22:48:55
38,Live-Tip,1611874135,The email that robinhood sent me today and how i feel,https://www.reddit.com/r/wallstreetbets/comments/l7bfwn/the_email_that_robinhood_sent_me_today_and_how_i/,1611874135.0,"{'author': 'Live-Tip', 'created_utc': 1611874135, 'title': 'The email that robinhood sent me today and how i feel', 'url': 'https://www.reddit.com/r/wallstreetbets/comments/l7bfwn/the_email_that_robinhood_sent_me_today_and_how_i/', 'created': 1611874135.0}",2021-01-28 22:48:55
39,Spicy-Raj-Man,1611874135,"I am gonna fucking do it, no one is gonna stop me. I am sick and tired of staying on the side lines and watching shit happening, I am throwing in my tendies for as much as I can. Its not much but is honest brothers. Expect follow up post by tomorrow.",https://www.reddit.com/r/wallstreetbets/comments/l7bfwj/i_am_gonna_fucking_do_it_no_one_is_gonna_stop_me/,1611874135.0,"{'author': 'Spicy-Raj-Man', 'created_utc': 1611874135, 'title': 'I am gonna fucking do it, no one is gonna stop me. I am sick and tired of staying on the side lines and watching shit happening, I am throwing in my tendies for as much as I can. Its not much but is honest brothers. Expect follow up post by tomorrow.', 'url': 'https://www.reddit.com/r/wallstreetbets/comments/l7bfwj/i_am_gonna_fucking_do_it_no_one_is_gonna_stop_me/', 'created': 1611874135.0}",2021-01-28 22:48:55
40,TheLegendaryJet,1611874134,"With Robinhood's actions today, this says that we have won the battle, but not yet won the war.",https://www.reddit.com/r/wallstreetbets/comments/l7bfw2/with_robinhoods_actions_today_this_says_that_we/,1611874134.0,"{'author': 'TheLegendaryJet', 'created_utc': 1611874134, 'title': ""With Robinhood's actions today, this says that we have won the battle, but not yet won the war."", 'url': 'https://www.reddit.com/r/wallstreetbets/comments/l7bfw2/with_robinhoods_actions_today_this_says_that_we/', 'created': 1611874134.0}",2021-01-28 22:48:54
41,ryanbebb,1611874134,I‚Äôd like to take a moment and say that Citadel deserves more repercussions than Robinhood. We CANNOT forget the root cause of this greed.,https://www.reddit.com/r/wallstreetbets/comments/l7bfvt/id_like_to_take_a_moment_and_say_that_citadel/,1611874134.0,"{'author': 'ryanbebb', 'created_utc': 1611874134, 'title': 'I‚Äôd like to take a moment and say that Citadel deserves more repercussions than Robinhood. We CANNOT forget the root cause of this greed.', 'url': 'https://www.reddit.com/r/wallstreetbets/comments/l7bfvt/id_like_to_take_a_moment_and_say_that_citadel/', 'created': 1611874134.0}",2021-01-28 22:48:54
42,Max_Stoned,1611874133,More manipulation about 2pm?,https://i.redd.it/99teypctj5e61.jpg,1611874133.0,"{'author': 'Max_Stoned', 'created_utc': 1611874133, 'title': 'More manipulation about 2pm?', 'url': 'https://i.redd.it/99teypctj5e61.jpg', 'created': 1611874133.0}",2021-01-28 22:48:53
43,DylanBurch,1611874133,Black Rock gains from GME,https://www.reddit.com/r/wallstreetbets/comments/l7bfvl/black_rock_gains_from_gme/,1611874133.0,"{'author': 'DylanBurch', 'created_utc': 1611874133, 'title': 'Black Rock gains from GME', 'url': 'https://www.reddit.com/r/wallstreetbets/comments/l7bfvl/black_rock_gains_from_gme/', 'created': 1611874133.0}",2021-01-28 22:48:53
44,Azmd2021,1611874133,Now on Instagram follow!!!,https://i.redd.it/7qu2qiduj5e61.jpg,1611874133.0,"{'author': 'Azmd2021', 'created_utc': 1611874133, 'title': 'Now on Instagram follow!!!', 'url': 'https://i.redd.it/7qu2qiduj5e61.jpg', 'created': 1611874133.0}",2021-01-28 22:48:53
45,DancesWithHand,1611874132,Canadian Autist with $7000 to throw at GME can't figure out how,https://www.reddit.com/r/wallstreetbets/comments/l7bfuw/canadian_autist_with_7000_to_throw_at_gme_cant/,1611874132.0,"{'author': 'DancesWithHand', 'created_utc': 1611874132, 'title': ""Canadian Autist with $7000 to throw at GME can't figure out how"", 'url': 'https://www.reddit.com/r/wallstreetbets/comments/l7bfuw/canadian_autist_with_7000_to_throw_at_gme_cant/', 'created': 1611874132.0}",2021-01-28 22:48:52
46,Gallpert2,1611874131,explain plzz,https://www.reddit.com/r/wallstreetbets/comments/l7bfup/explain_plzz/,1611874131.0,"{'author': 'Gallpert2', 'created_utc': 1611874131, 'title': 'explain plzz', 'url': 'https://www.reddit.com/r/wallstreetbets/comments/l7bfup/explain_plzz/', 'created': 1611874131.0}",2021-01-28 22:48:51
47,femboybitchiglol,1611874131,üò≥,https://www.reddit.com/gallery/l7bful,1611874131.0,"{'author': 'femboybitchiglol', 'created_utc': 1611874131, 'title': 'üò≥', 'url': 'https://www.reddit.com/gallery/l7bful', 'created': 1611874131.0}",2021-01-28 22:48:51
48,Round_Enthusiasm,1611874131,Robinhood is owned by citadel,https://www.reddit.com/r/wallstreetbets/comments/l7bfuj/robinhood_is_owned_by_citadel/,1611874131.0,"{'author': 'Round_Enthusiasm', 'created_utc': 1611874131, 'title': 'Robinhood is owned by citadel', 'url': 'https://www.reddit.com/r/wallstreetbets/comments/l7bfuj/robinhood_is_owned_by_citadel/', 'created': 1611874131.0}",2021-01-28 22:48:51
49,drakeallthethings,1611874131,"Who else got the ‚ÄúThis was a temporary decision made to best continue serving you‚Äù email from RobinHood? Too late, RH. I‚Äôm with Fidelity now.",https://i.redd.it/5ivntw3uj5e61.jpg,1611874131.0,"{'author': 'drakeallthethings', 'created_utc': 1611874131, 'title': 'Who else got the ‚ÄúThis was a temporary decision made to best continue serving you‚Äù email from RobinHood? Too late, RH. I‚Äôm with Fidelity now.', 'url': 'https://i.redd.it/5ivntw3uj5e61.jpg', 'created': 1611874131.0}",2021-01-28 22:48:51
50,NolesFan27-XboxGt,1611874131,We are still holding GME/AMC. Don‚Äôt back down.,https://www.reddit.com/r/wallstreetbets/comments/l7bfud/we_are_still_holding_gmeamc_dont_back_down/,1611874131.0,"{'author': 'NolesFan27-XboxGt', 'created_utc': 1611874131, 'title': 'We are still holding GME/AMC. Don‚Äôt back down.', 'url': 'https://www.reddit.com/r/wallstreetbets/comments/l7bfud/we_are_still_holding_gmeamc_dont_back_down/', 'created': 1611874131.0}",2021-01-28 22:48:51
51,StopLossedMyMarriage,1611874130,Invest in diving boards,https://www.reddit.com/r/wallstreetbets/comments/l7bfu8/invest_in_diving_boards/,1611874130.0,"{'author': 'StopLossedMyMarriage', 'created_utc': 1611874130, 'title': 'Invest in diving boards', 'url': 'https://www.reddit.com/r/wallstreetbets/comments/l7bfu8/invest_in_diving_boards/', 'created': 1611874130.0}",2021-01-28 22:48:50
52,Itsme71190,1611874130,Instant deposits?,https://www.reddit.com/r/wallstreetbets/comments/l7bftt/instant_deposits/,1611874130.0,"{'author': 'Itsme71190', 'created_utc': 1611874130, 'title': 'Instant deposits?', 'url': 'https://www.reddit.com/r/wallstreetbets/comments/l7bftt/instant_deposits/', 'created': 1611874130.0}",2021-01-28 22:48:50
53,Apprehensive-Car8236,1611874128,doge coin boisss!!!!!!!!,https://i.redd.it/f7hlnhjtj5e61.jpg,1611874128.0,"{'author': 'Apprehensive-Car8236', 'created_utc': 1611874128, 'title': 'doge coin boisss!!!!!!!!', 'url': 'https://i.redd.it/f7hlnhjtj5e61.jpg', 'created': 1611874128.0}",2021-01-28 22:48:48
54,AltezaHumilde,1611874128,"Please, when referring to the market manipulators, Citadel + RH add the rest too, like Interactive Brokers",https://www.reddit.com/r/wallstreetbets/comments/l7bft4/please_when_referring_to_the_market_manipulators/,1611874128.0,"{'author': 'AltezaHumilde', 'created_utc': 1611874128, 'title': 'Please, when referring to the market manipulators, Citadel + RH add the rest too, like Interactive Brokers', 'url': 'https://www.reddit.com/r/wallstreetbets/comments/l7bft4/please_when_referring_to_the_market_manipulators/', 'created': 1611874128.0}",2021-01-28 22:48:48
55,kaonashiii,1611874127,"GME 120 to 362 after hours price, like a magic trick",https://i.redd.it/a2ha0aktj5e61.jpg,1611874127.0,"{'author': 'kaonashiii', 'created_utc': 1611874127, 'title': 'GME 120 to 362 after hours price, like a magic trick', 'url': 'https://i.redd.it/a2ha0aktj5e61.jpg', 'created': 1611874127.0}",2021-01-28 22:48:47
56,Adonis2049_,1611874127,Hidden message from Fox News about GME,https://www.reddit.com/r/wallstreetbets/comments/l7bfsh/hidden_message_from_fox_news_about_gme/,1611874127.0,"{'author': 'Adonis2049_', 'created_utc': 1611874127, 'title': 'Hidden message from Fox News about GME', 'url': 'https://www.reddit.com/r/wallstreetbets/comments/l7bfsh/hidden_message_from_fox_news_about_gme/', 'created': 1611874127.0}",2021-01-28 22:48:47
57,bottle_bug,1611874126,Friend got a personalised Coke can today,https://i.redd.it/ry1msaspj5e61.png,1611874126.0,"{'author': 'bottle_bug', 'created_utc': 1611874126, 'title': 'Friend got a personalised Coke can today', 'url': 'https://i.redd.it/ry1msaspj5e61.png', 'created': 1611874126.0}",2021-01-28 22:48:46
58,zainj999,1611874125,one for all. all for one,https://i.redd.it/ibvrwqwsj5e61.png,1611874125.0,"{'author': 'zainj999', 'created_utc': 1611874125, 'title': 'one for all. all for one', 'url': 'https://i.redd.it/ibvrwqwsj5e61.png', 'created': 1611874125.0}",2021-01-28 22:48:45
59,GoooseEgg,1611874125,Apes together,https://i.redd.it/17hq3bjtj5e61.jpg,1611874125.0,"{'author': 'GoooseEgg', 'created_utc': 1611874125, 'title': 'Apes together', 'url': 'https://i.redd.it/17hq3bjtj5e61.jpg', 'created': 1611874125.0}",2021-01-28 22:48:45
60,fishyboifish,1611874125,They shut down Discord when Musk said buy NAKED? N A K D,https://www.reddit.com/r/wallstreetbets/comments/l7bfrm/they_shut_down_discord_when_musk_said_buy_naked_n/,1611874125.0,"{'author': 'fishyboifish', 'created_utc': 1611874125, 'title': 'They shut down Discord when Musk said buy NAKED? N A K D', 'url': 'https://www.reddit.com/r/wallstreetbets/comments/l7bfrm/they_shut_down_discord_when_musk_said_buy_naked_n/', 'created': 1611874125.0}",2021-01-28 22:48:45
61,thedude_with_hope,1611874123,Gevo !?,https://www.reddit.com/r/wallstreetbets/comments/l7bfqx/gevo/,1611874123.0,"{'author': 'thedude_with_hope', 'created_utc': 1611874123, 'title': 'Gevo !?', 'url': 'https://www.reddit.com/r/wallstreetbets/comments/l7bfqx/gevo/', 'created': 1611874123.0}",2021-01-28 22:48:43
62,mynameakoss,1611874123,FIRST THING FIRST: stilllll gunna hold but,https://www.reddit.com/r/wallstreetbets/comments/l7bfqw/first_thing_first_stilllll_gunna_hold_but/,1611874123.0,"{'author': 'mynameakoss', 'created_utc': 1611874123, 'title': 'FIRST THING FIRST: stilllll gunna hold but', 'url': 'https://www.reddit.com/r/wallstreetbets/comments/l7bfqw/first_thing_first_stilllll_gunna_hold_but/', 'created': 1611874123.0}",2021-01-28 22:48:43
63,jnart24,1611874123,BB better than Apple? You betcha!,https://www.google.com/amp/s/www.fool.ca/2021/01/28/apple-stock-vs-blackberry-stock-better-buy-today/amp/,1611874123.0,"{'author': 'jnart24', 'created_utc': 1611874123, 'title': 'BB better than Apple? You betcha!', 'url': 'https://www.google.com/amp/s/www.fool.ca/2021/01/28/apple-stock-vs-blackberry-stock-better-buy-today/amp/', 'created': 1611874123.0}",2021-01-28 22:48:43
64,DreamBelieveDo4lyfe,1611874123,We're backkkkkkkkkkkk tomorrow! Let's gook,https://i.redd.it/ennq0gatj5e61.jpg,1611874123.0,"{'author': 'DreamBelieveDo4lyfe', 'created_utc': 1611874123, 'title': ""We're backkkkkkkkkkkk tomorrow! Let's gook"", 'url': 'https://i.redd.it/ennq0gatj5e61.jpg', 'created': 1611874123.0}",2021-01-28 22:48:43
65,Accidentalbellyflop,1611874122,THIS IS WHERE WE FIGHT!,https://i.imgur.com/ezFTiLP.jpg,1611874122.0,"{'author': 'Accidentalbellyflop', 'created_utc': 1611874122, 'title': 'THIS IS WHERE WE FIGHT!', 'url': 'https://i.imgur.com/ezFTiLP.jpg', 'created': 1611874122.0}",2021-01-28 22:48:42
66,atinkajunt,1611874121,Bring GME closer to the moon üöÄ üöÄ üöÄ üöÄ üöÄ,https://www.reddit.com/r/wallstreetbets/comments/l7bfpp/bring_gme_closer_to_the_moon/,1611874121.0,"{'author': 'atinkajunt', 'created_utc': 1611874121, 'title': 'Bring GME closer to the moon üöÄ üöÄ üöÄ üöÄ üöÄ', 'url': 'https://www.reddit.com/r/wallstreetbets/comments/l7bfpp/bring_gme_closer_to_the_moon/', 'created': 1611874121.0}",2021-01-28 22:48:41
67,realbloodrobot,1611874121,Robinhood is fucking us,https://i.redd.it/3n9tl8qsj5e61.jpg,1611874121.0,"{'author': 'realbloodrobot', 'created_utc': 1611874121, 'title': 'Robinhood is fucking us', 'url': 'https://i.redd.it/3n9tl8qsj5e61.jpg', 'created': 1611874121.0}",2021-01-28 22:48:41
68,thegr8estgatsby,1611874120,Has NOK been forgotten?,https://www.reddit.com/r/wallstreetbets/comments/l7bfpa/has_nok_been_forgotten/,1611874120.0,"{'author': 'thegr8estgatsby', 'created_utc': 1611874120, 'title': 'Has NOK been forgotten?', 'url': 'https://www.reddit.com/r/wallstreetbets/comments/l7bfpa/has_nok_been_forgotten/', 'created': 1611874120.0}",2021-01-28 22:48:40
69,zippiestoscar57,1611874120,THE TRUTH IS OUT,https://i.redd.it/tpus9m5nj5e61.png,1611874120.0,"{'author': 'zippiestoscar57', 'created_utc': 1611874120, 'title': 'THE TRUTH IS OUT', 'url': 'https://i.redd.it/tpus9m5nj5e61.png', 'created': 1611874120.0}",2021-01-28 22:48:40
70,Jztherussian,1611874119,A comment on a post earlier today. This man with some nice DD on what happened today...,https://www.reddit.com/r/wallstreetbets/comments/l77qhk/whistleblowers_are_coming_out_its_happening_man/gl5jghe/?utm_source=share&amp;utm_medium=ios_app&amp;utm_name=iossmf&amp;context=3,1611874119.0,"{'author': 'Jztherussian', 'created_utc': 1611874119, 'title': 'A comment on a post earlier today. This man with some nice DD on what happened today...', 'url': 'https://www.reddit.com/r/wallstreetbets/comments/l77qhk/whistleblowers_are_coming_out_its_happening_man/gl5jghe/?utm_source=share&amp;utm_medium=ios_app&amp;utm_name=iossmf&amp;context=3', 'created': 1611874119.0}",2021-01-28 22:48:39
71,Draked1,1611874119,"Robinhood caved, good job guys. HOLD THE LINE",https://i.redd.it/xwkksglsj5e61.jpg,1611874119.0,"{'author': 'Draked1', 'created_utc': 1611874119, 'title': 'Robinhood caved, good job guys. HOLD THE LINE', 'url': 'https://i.redd.it/xwkksglsj5e61.jpg', 'created': 1611874119.0}",2021-01-28 22:48:39
72,G5634,1611874119,üòÇ,https://i.redd.it/ry59kessj5e61.jpg,1611874119.0,"{'author': 'G5634', 'created_utc': 1611874119, 'title': 'üòÇ', 'url': 'https://i.redd.it/ry59kessj5e61.jpg', 'created': 1611874119.0}",2021-01-28 22:48:39
73,BeanKitty1,1611874117,Is NOK or BB the move at market open?,https://www.reddit.com/r/wallstreetbets/comments/l7bfnh/is_nok_or_bb_the_move_at_market_open/,1611874117.0,"{'author': 'BeanKitty1', 'created_utc': 1611874117, 'title': 'Is NOK or BB the move at market open?', 'url': 'https://www.reddit.com/r/wallstreetbets/comments/l7bfnh/is_nok_or_bb_the_move_at_market_open/', 'created': 1611874117.0}",2021-01-28 22:48:37
74,OnIowa,1611874116,Question about Robinhood,https://www.reddit.com/r/wallstreetbets/comments/l7bfn2/question_about_robinhood/,1611874116.0,"{'author': 'OnIowa', 'created_utc': 1611874116, 'title': 'Question about Robinhood', 'url': 'https://www.reddit.com/r/wallstreetbets/comments/l7bfn2/question_about_robinhood/', 'created': 1611874116.0}",2021-01-28 22:48:36
75,UltimaterializerX,1611874116,Well now we know which fuckboys put the order in.,https://i.redd.it/0r2j5ijsj5e61.jpg,1611874116.0,"{'author': 'UltimaterializerX', 'created_utc': 1611874116, 'title': 'Well now we know which fuckboys put the order in.', 'url': 'https://i.redd.it/0r2j5ijsj5e61.jpg', 'created': 1611874116.0}",2021-01-28 22:48:36
76,DJdirrtyDan,1611874116,Ape Brains Strong,https://i.redd.it/j9uv4oisj5e61.jpg,1611874116.0,"{'author': 'DJdirrtyDan', 'created_utc': 1611874116, 'title': 'Ape Brains Strong', 'url': 'https://i.redd.it/j9uv4oisj5e61.jpg', 'created': 1611874116.0}",2021-01-28 22:48:36
77,Dorothyymee,1611874116,Meme deprived!,https://www.reddit.com/r/wallstreetbets/comments/l7bfmb/meme_deprived/,1611874116.0,"{'author': 'Dorothyymee', 'created_utc': 1611874116, 'title': 'Meme deprived!', 'url': 'https://www.reddit.com/r/wallstreetbets/comments/l7bfmb/meme_deprived/', 'created': 1611874116.0}",2021-01-28 22:48:36
78,LILMK3,1611874114,LIMITED SHARE BUYS ON ROBINHOOD TOMORROW,https://i.redd.it/1ovztebsj5e61.jpg,1611874114.0,"{'author': 'LILMK3', 'created_utc': 1611874114, 'title': 'LIMITED SHARE BUYS ON ROBINHOOD TOMORROW', 'url': 'https://i.redd.it/1ovztebsj5e61.jpg', 'created': 1611874114.0}",2021-01-28 22:48:34
79,kefiraaa28,1611874114,screenshotted from r/facepalm because can't crosspost,https://www.reddit.com/r/wallstreetbets/comments/l7bflq/screenshotted_from_rfacepalm_because_cant/,1611874114.0,"{'author': 'kefiraaa28', 'created_utc': 1611874114, 'title': ""screenshotted from r/facepalm because can't crosspost"", 'url': 'https://www.reddit.com/r/wallstreetbets/comments/l7bflq/screenshotted_from_rfacepalm_because_cant/', 'created': 1611874114.0}",2021-01-28 22:48:34
80,MajinKnux,1611874114,"Too little too late, RH",https://www.reddit.com/r/wallstreetbets/comments/l7bfll/too_little_too_late_rh/,1611874114.0,"{'author': 'MajinKnux', 'created_utc': 1611874114, 'title': 'Too little too late, RH', 'url': 'https://www.reddit.com/r/wallstreetbets/comments/l7bfll/too_little_too_late_rh/', 'created': 1611874114.0}",2021-01-28 22:48:34
81,Drinehart40,1611874113,I‚Äôm a blue chip investor,https://www.reddit.com/r/wallstreetbets/comments/l7bfla/im_a_blue_chip_investor/,1611874113.0,"{'author': 'Drinehart40', 'created_utc': 1611874113, 'title': 'I‚Äôm a blue chip investor', 'url': 'https://www.reddit.com/r/wallstreetbets/comments/l7bfla/im_a_blue_chip_investor/', 'created': 1611874113.0}",2021-01-28 22:48:33
82,realtimeeyes,1611874113,Closing my Robinhood account..Can I transfer my Crypto to another account without withdrawing and paying taxes?,https://www.reddit.com/r/wallstreetbets/comments/l7bfl2/closing_my_robinhood_accountcan_i_transfer_my/,1611874113.0,"{'author': 'realtimeeyes', 'created_utc': 1611874113, 'title': 'Closing my Robinhood account..Can I transfer my Crypto to another account without withdrawing and paying taxes?', 'url': 'https://www.reddit.com/r/wallstreetbets/comments/l7bfl2/closing_my_robinhood_accountcan_i_transfer_my/', 'created': 1611874113.0}",2021-01-28 22:48:33
83,paperscissorscovid,1611874113,Leon Cooperman Shorts,https://www.reddit.com/r/wallstreetbets/comments/l7bfkx/leon_cooperman_shorts/,1611874113.0,"{'author': 'paperscissorscovid', 'created_utc': 1611874113, 'title': 'Leon Cooperman Shorts', 'url': 'https://www.reddit.com/r/wallstreetbets/comments/l7bfkx/leon_cooperman_shorts/', 'created': 1611874113.0}",2021-01-28 22:48:33
84,karl666hungus,1611874112,"Too little, too late Robinhood.",https://i.imgur.com/YSdyT24.jpg,1611874112.0,"{'author': 'karl666hungus', 'created_utc': 1611874112, 'title': 'Too little, too late Robinhood.', 'url': 'https://i.imgur.com/YSdyT24.jpg', 'created': 1611874112.0}",2021-01-28 22:48:32
85,RulesForPower,1611874112,"Hey everyone, I'm starting a political science website. I think what you've done is one of the most important events of the 21st century. I wrote a piece about why I think this is the case, I hope you like it!",https://www.reddit.com/r/wallstreetbets/comments/l7bfkj/hey_everyone_im_starting_a_political_science/,1611874112.0,"{'author': 'RulesForPower', 'created_utc': 1611874112, 'title': ""Hey everyone, I'm starting a political science website. I think what you've done is one of the most important events of the 21st century. I wrote a piece about why I think this is the case, I hope you like it!"", 'url': 'https://www.reddit.com/r/wallstreetbets/comments/l7bfkj/hey_everyone_im_starting_a_political_science/', 'created': 1611874112.0}",2021-01-28 22:48:32
86,RevolutionaryWay7784,1611874110,REDDIT REBELLION!!!,https://www.reddit.com/r/wallstreetbets/comments/l7bfjr/reddit_rebellion/,1611874110.0,"{'author': 'RevolutionaryWay7784', 'created_utc': 1611874110, 'title': 'REDDIT REBELLION!!!', 'url': 'https://www.reddit.com/r/wallstreetbets/comments/l7bfjr/reddit_rebellion/', 'created': 1611874110.0}",2021-01-28 22:48:30
87,Puzzleheaded_Bar_691,1611874110,"Don‚Äôt Use Robinhood! Use cashapp, questrade, TD ameritrade, and etrade.",https://www.reddit.com/r/wallstreetbets/comments/l7bfjl/dont_use_robinhood_use_cashapp_questrade_td/,1611874110.0,"{'author': 'Puzzleheaded_Bar_691', 'created_utc': 1611874110, 'title': 'Don‚Äôt Use Robinhood! Use cashapp, questrade, TD ameritrade, and etrade.', 'url': 'https://www.reddit.com/r/wallstreetbets/comments/l7bfjl/dont_use_robinhood_use_cashapp_questrade_td/', 'created': 1611874110.0}",2021-01-28 22:48:30
88,MindOverMatterGuy,1611874110,Will AMC stock rise up again?,https://www.reddit.com/r/wallstreetbets/comments/l7bfjj/will_amc_stock_rise_up_again/,1611874110.0,"{'author': 'MindOverMatterGuy', 'created_utc': 1611874110, 'title': 'Will AMC stock rise up again?', 'url': 'https://www.reddit.com/r/wallstreetbets/comments/l7bfjj/will_amc_stock_rise_up_again/', 'created': 1611874110.0}",2021-01-28 22:48:30
89,Mannyg2929,1611874109,Carajo. fuck wall street,https://www.reddit.com/r/wallstreetbets/comments/l7bfj8/carajo_fuck_wall_street/,1611874109.0,"{'author': 'Mannyg2929', 'created_utc': 1611874109, 'title': 'Carajo. fuck wall street', 'url': 'https://www.reddit.com/r/wallstreetbets/comments/l7bfj8/carajo_fuck_wall_street/', 'created': 1611874109.0}",2021-01-28 22:48:29
90,Reedyuk,1611874108,Revolut - trades not happening?,https://i.redd.it/emmtnporj5e61.jpg,1611874108.0,"{'author': 'Reedyuk', 'created_utc': 1611874108, 'title': 'Revolut - trades not happening?', 'url': 'https://i.redd.it/emmtnporj5e61.jpg', 'created': 1611874108.0}",2021-01-28 22:48:28
91,Moregunsmorefun,1611874108,You crazy fuckers make me smile,https://www.reddit.com/r/wallstreetbets/comments/l7bfip/you_crazy_fuckers_make_me_smile/,1611874108.0,"{'author': 'Moregunsmorefun', 'created_utc': 1611874108, 'title': 'You crazy fuckers make me smile', 'url': 'https://www.reddit.com/r/wallstreetbets/comments/l7bfip/you_crazy_fuckers_make_me_smile/', 'created': 1611874108.0}",2021-01-28 22:48:28
92,TreatStandard8575,1611874108,Opinion | Reddit vs. the Elites and the Dream of Taking GameStop ‚ÄòTo the Moon‚Äô,https://www.reddit.com/r/wallstreetbets/comments/l7bfil/opinion_reddit_vs_the_elites_and_the_dream_of/,1611874108.0,"{'author': 'TreatStandard8575', 'created_utc': 1611874108, 'title': 'Opinion | Reddit vs. the Elites and the Dream of Taking GameStop ‚ÄòTo the Moon‚Äô', 'url': 'https://www.reddit.com/r/wallstreetbets/comments/l7bfil/opinion_reddit_vs_the_elites_and_the_dream_of/', 'created': 1611874108.0}",2021-01-28 22:48:28
93,Agreeable-Fan8584,1611874107,Where to buy,https://www.reddit.com/r/wallstreetbets/comments/l7bfie/where_to_buy/,1611874107.0,"{'author': 'Agreeable-Fan8584', 'created_utc': 1611874107, 'title': 'Where to buy', 'url': 'https://www.reddit.com/r/wallstreetbets/comments/l7bfie/where_to_buy/', 'created': 1611874107.0}",2021-01-28 22:48:27
94,imaginary_doorway,1611874107,Here are some numbers for you to chew on,https://www.reddit.com/r/wallstreetbets/comments/l7bfia/here_are_some_numbers_for_you_to_chew_on/,1611874107.0,"{'author': 'imaginary_doorway', 'created_utc': 1611874107, 'title': 'Here are some numbers for you to chew on', 'url': 'https://www.reddit.com/r/wallstreetbets/comments/l7bfia/here_are_some_numbers_for_you_to_chew_on/', 'created': 1611874107.0}",2021-01-28 22:48:27
95,idkwtfimdoing2002,1611874106,Doge Coin to the moon?üöÄüöÄüöÄ,https://i.redd.it/au7fs7jrj5e61.jpg,1611874106.0,"{'author': 'idkwtfimdoing2002', 'created_utc': 1611874106, 'title': 'Doge Coin to the moon?üöÄüöÄüöÄ', 'url': 'https://i.redd.it/au7fs7jrj5e61.jpg', 'created': 1611874106.0}",2021-01-28 22:48:26
96,elloxd,1611874106,Hold the line!!! We may have lost this battle but we are winnig this war. Come on boys lets take GME to the moon!!!,https://www.reddit.com/r/wallstreetbets/comments/l7bfhs/hold_the_line_we_may_have_lost_this_battle_but_we/,1611874106.0,"{'author': 'elloxd', 'created_utc': 1611874106, 'title': 'Hold the line!!! We may have lost this battle but we are winnig this war. Come on boys lets take GME to the moon!!!', 'url': 'https://www.reddit.com/r/wallstreetbets/comments/l7bfhs/hold_the_line_we_may_have_lost_this_battle_but_we/', 'created': 1611874106.0}",2021-01-28 22:48:26
97,i-walk-on,1611874106,A letter from Robinhood,https://www.reddit.com/r/wallstreetbets/comments/l7bfhp/a_letter_from_robinhood/,1611874106.0,"{'author': 'i-walk-on', 'created_utc': 1611874106, 'title': 'A letter from Robinhood', 'url': 'https://www.reddit.com/r/wallstreetbets/comments/l7bfhp/a_letter_from_robinhood/', 'created': 1611874106.0}",2021-01-28 22:48:26
98,Jlisx,1611874105,The F is this,https://i.redd.it/73xrh7grj5e61.jpg,1611874105.0,"{'author': 'Jlisx', 'created_utc': 1611874105, 'title': 'The F is this', 'url': 'https://i.redd.it/73xrh7grj5e61.jpg', 'created': 1611874105.0}",2021-01-28 22:48:25
99,Sportboi6,1611874105,What can we expect with AMC and how long do we hold it for?,https://www.reddit.com/r/wallstreetbets/comments/l7bfhc/what_can_we_expect_with_amc_and_how_long_do_we/,1611874105.0,"{'author': 'Sportboi6', 'created_utc': 1611874105, 'title': 'What can we expect with AMC and how long do we hold it for?', 'url': 'https://www.reddit.com/r/wallstreetbets/comments/l7bfhc/what_can_we_expect_with_amc_and_how_long_do_we/', 'created': 1611874105.0}",2021-01-28 22:48:25
